{
  "tests": [
    {
      "name": "Verify implementation of prob01",
      "setup": "",
      "run": "cd prob01 && make build",
      "input": "",
      "output": "",
      "comparison": "included",
      "timeout": 4,
      "points": 1
    },
    {
      "name": "Verify implementation of prob02",
      "setup": "",
      "run": "cd prob02 && make build",
      "input": "",
      "output": "",
      "comparison": "included",
      "timeout": 3,
      "points": 1
    },
    {
      "name": "Check readability of prob01",
      "setup": "",
      "run": "cd prob01 && make clean && make stylecheck && make formatcheck",
      "input": "",
      "output": "",
      "comparison": "included",
      "timeout": 3,
      "points": 1
    },
    {
      "name": "Check readability of prob02",
      "setup": "",
      "run": "cd prob02 && make clean && make stylecheck && make formatcheck",
      "input": "",
      "output": "",
      "comparison": "included",
      "timeout": 3,
      "points": 1
    },
    {
      "name": "Prob01 All tests",
      "setup": "",
      "run": "cd prob01 && make clean && make test",
      "input": "",
      "output": "",
      "comparison": "included",
      "timeout": 5,
      "points": 10
    },
    {
      "name": "Prob02 all tests",
      "setup": "",
      "run": "cd prob02 && make clean && make test",
      "input": "",
      "output": "",
      "comparison": "included",
      "timeout": 5,
      "points": 16
    }
  ]
}